n_amenageur,n_operateur,n_enseigne,id_station,n_station,ad_station,code_insee,Xlongitude,Ylatitude,nbre_pdc,id_pdc,puiss_max,type_prise,acces_recharge,accessibilite,observations,date_maj
SDE07,SDE07,E Born,FR*S07*P07002*A,AILHON_Le Village,Le Village 07200 AILHON,07002,4.34169600,44.59790700,,FR*S07*E07002*A*B1*D,22.00,E/F + T2,Payant,24/24 7/7 jours,,20180209
SDE07,SDE07,E Born,FR*S07*P07002*A,AILHON_Le Village,Le Village 07200 AILHON,07002,4.34169600,44.59790700,,FR*S07*E07002*A*B1*G,22.00,E/F + T2,Payant,24/24 7/7 jours,,20180209
SDE07,SDE07,E Born,FR*S07*P07005*A,ALBA LA ROMAINE_Parking le clos - Le clos,Parking le clos - Le clos 07400 ALBA LA ROMAINE,07005,4.59726100,44.55336500,,FR*S07*E07005*A*B1*D,22.00,E/F + T2,Payant,24/24 7/7 jours,,20180209
SDE07,SDE07,E Born,FR*S07*P07005*A,ALBA LA ROMAINE_Parking le clos - Le clos,Parking le clos - Le clos 07400 ALBA LA ROMAINE,07005,4.59726100,44.55336500,,FR*S07*E07005*A*B1*G,22.00,E/F + T2,Payant,24/24 7/7 jours,,20180209
SDE07,SDE07,E Born,FR*S07*P07008*A,ALISSAS_Place de la Mairie,Place de la Mairie 07210 ALISSAS,07008,4.63269400,44.71450000,,FR*S07*E07008*A*B1*D,22.00,E/F + T2,Payant,24/24 7/7 jours,,20180209
SDE07,SDE07,E Born,FR*S07*P07008*A,ALISSAS_Place de la Mairie,Place de la Mairie 07210 ALISSAS,07008,4.63269400,44.71450000,,FR*S07*E07008*A*B1*G,22.00,E/F + T2,Payant,24/24 7/7 jours,,20180209
SDE07,SDE07,E Born,FR*S07*P07009*A,ANDANCE_Place Maxime Chantier,Place Maxime Chantier 07340 ANDANCE,07009,4.79864300,45.23989700,,FR*S07*E07009*A*B1*D,22.00,E/F + T2,Payant,24/24 7/7 jours,,20180209
SDE07,SDE07,E Born,FR*S07*P07009*A,ANDANCE_Place Maxime Chantier,Place Maxime Chantier 07340 ANDANCE,07009,4.79864300,45.23989700,,FR*S07*E07009*A*B1*G,22.00,E/F + T2,Payant,24/24 7/7 jours,,20180209
SDE07,SDE07,E Born,FR*S07*P07010*A,ANNONAY_Rue de la Valette - Parking la Valette,Rue de la Valette - Parking la Valette 07100 ANNONAY,07010,4.67073500,45.24171300,,FR*S07*E07010*A*B1*D,22.00,E/F + T2,Payant,24/24 7/7 jours,,20180209
SDE07,SDE07,E Born,FR*S07*P07010*A,ANNONAY_Rue de la Valette - Parking la Valette,Rue de la Valette - Parking la Valette 07100 ANNONAY,07010,4.67073500,45.24171300,,FR*S07*E07010*A*B1*G,22.00,E/F + T2,Payant,24/24 7/7 jours,,20180209
SDE07,SDE07,E Born,FR*S07*P07010*B,ANNONAY_Avenue de la Gare,Avenue de la Gare 07100 ANNONAY,07010,4.67470200,45.24473800,,FR*S07*E07010*B*B1*D,22.00,E/F + T2,Payant,24/24 7/7 jours,,20180209
SDE07,SDE07,E Born,FR*S07*P07010*B,ANNONAY_Avenue de la Gare,Avenue de la Gare 07100 ANNONAY,07010,4.67470200,45.24473800,,FR*S07*E07010*B*B1*G,22.00,E/F + T2,Payant,24/24 7/7 jours,,20180209
SDE07,SDE07,E Born,FR*S07*P07011*A,ANTRAIGUES SUR VOLANE_Les Allevards,Les Allevards 07530 ANTRAIGUES SUR VOLANE,07011,4.35882700,44.71944800,,FR*S07*E07011*A*B1*D,22.00,E/F + T2,Payant,24/24 7/7 jours,,20180209
SDE07,SDE07,E Born,FR*S07*P07011*A,ANTRAIGUES SUR VOLANE_Les Allevards,Les Allevards 07530 ANTRAIGUES SUR VOLANE,07011,4.35882700,44.71944800,,FR*S07*E07011*A*B1*G,22.00,E/F + T2,Payant,24/24 7/7 jours,,20180209
SDE07,SDE07,E Born,FR*S07*P07019*A,AUBENAS_Place de l Airette,Place de l Airette 07200 AUBENAS,07019,4.39254200,44.62086000,,FR*S07*E07019*A*B1*D,22.00,E/F + T2,Payant,24/24 7/7 jours,,20180209
SDE07,SDE07,E Born,FR*S07*P07019*A,AUBENAS_Place de l Airette,Place de l Airette 07200 AUBENAS,07019,4.39254200,44.62086000,,FR*S07*E07019*A*B1*G,22.00,E/F + T2,Payant,24/24 7/7 jours,,20180209
SDE07,SDE07,E Born,FR*S07*P07019*B,AUBENAS_Place de la Pécourte,Place de la Pécourte 07200 AUBENAS,07019,4.38746900,44.61962400,,FR*S07*E07019*B*B1*D,22.00,E/F + T2,Payant,24/24 7/7 jours,,20180209
SDE07,SDE07,E Born,FR*S07*P07019*B,AUBENAS_Place de la Pécourte,Place de la Pécourte 07200 AUBENAS,07019,4.38746900,44.61962400,,FR*S07*E07019*B*B1*G,22.00,E/F + T2,Payant,24/24 7/7 jours,,20180209
SDE07,SDE07,E Born,FR*S07*P07024*A,BANNE_Lochere,Lochere 07460 BANNE,07024,4.15520300,44.36648800,,FR*S07*E07024*A*B1*D,22.00,E/F + T2,Payant,24/24 7/7 jours,,20180209
SDE07,SDE07,E Born,FR*S07*P07024*A,BANNE_Lochere,Lochere 07460 BANNE,07024,4.15520300,44.36648800,,FR*S07*E07024*A*B1*G,22.00,E/F + T2,Payant,24/24 7/7 jours,,20180209
SDE07,SDE07,E Born,FR*S07*P07034*A,BIDON_Le Village,Le Village 07700 BIDON,07034,4.53415900,44.36620300,,FR*S07*E07034*A*B1*D,22.00,E/F + T2,Payant,24/24 7/7 jours,,20180209
SDE07,SDE07,E Born,FR*S07*P07034*A,BIDON_Le Village,Le Village 07700 BIDON,07034,4.53415900,44.36620300,,FR*S07*E07034*A*B1*G,22.00,E/F + T2,Payant,24/24 7/7 jours,,20180209
SDE07,SDE07,E Born,FR*S07*P07042*A,BOURG ST ANDEOL_Place du Champs de Mars,Place du Champs de Mars 07700 BOURG ST ANDEOL,07042,4.64377400,44.37147700,,FR*S07*E07042*A*B1*D,22.00,E/F + T2,Payant,24/24 7/7 jours,,20180209
SDE07,SDE07,E Born,FR*S07*P07042*A,BOURG ST ANDEOL_Place du Champs de Mars,Place du Champs de Mars 07700 BOURG ST ANDEOL,07042,4.64377400,44.37147700,,FR*S07*E07042*A*B1*G,22.00,E/F + T2,Payant,24/24 7/7 jours,,20180209
SDE07,SDE07,E Born,FR*S07*P07042*B,BOURG ST ANDEOL_Place Jardin Neptune,Place Jardin Neptune 07700 BOURG ST ANDEOL,07042,4.64672700,44.36712900,,FR*S07*E07042*B*B1*D,43.00,combo,Payant,24/24 7/7 jours,,20180209
SDE07,SDE07,E Born,FR*S07*P07042*B,BOURG ST ANDEOL_Place Jardin Neptune,Place Jardin Neptune 07700 BOURG ST ANDEOL,07042,4.64672700,44.36712900,,FR*S07*E07042*B*B1*G,43.00,T2,Payant,24/24 7/7 jours,,20180209
SDE07,SDE07,E Born,FR*S07*P07051*A,CHAMPAGNE_Le Village,Le Village 07340 CHAMPAGNE,07051,4.80108000,45.27113800,,FR*S07*E07051*A*B1*D,22.00,E/F + T2,Payant,24/24 7/7 jours,,20180209
SDE07,SDE07,E Born,FR*S07*P07051*A,CHAMPAGNE_Le Village,Le Village 07340 CHAMPAGNE,07051,4.80108000,45.27113800,,FR*S07*E07051*A*B1*G,22.00,E/F + T2,Payant,24/24 7/7 jours,,20180209
SDE07,SDE07,E Born,FR*S07*P07052*A,CHAMPIS_Fringuet,Fringuet 07440 CHAMPIS,07052,4.76573200,44.94179400,,FR*S07*E07052*A*B1*D,22.00,E/F + T2,Payant,24/24 7/7 jours,,20180209
SDE07,SDE07,E Born,FR*S07*P07052*A,CHAMPIS_Fringuet,Fringuet 07440 CHAMPIS,07052,4.76573200,44.94179400,,FR*S07*E07052*A*B1*G,22.00,E/F + T2,Payant,24/24 7/7 jours,,20180209
SDE07,SDE07,E Born,FR*S07*P07053*A,CHANDOLAS_Le Verdal,Le Verdal 07230 CHANDOLAS,07053,4.23633000,44.39337300,,FR*S07*E07053*A*B1*D,22.00,E/F + T2,Payant,24/24 7/7 jours,,20180209
SDE07,SDE07,E Born,FR*S07*P07053*A,CHANDOLAS_Le Verdal,Le Verdal 07230 CHANDOLAS,07053,4.23633000,44.39337300,,FR*S07*E07053*A*B1*G,22.00,E/F + T2,Payant,24/24 7/7 jours,,20180209
SDE07,SDE07,E Born,FR*S07*P07064*A,LE CHEYLARD_Place de la Liberte,Place de la Liberte 07160 LE CHEYLARD,07064,4.42219400,44.90652830,,FR*S07*E07064*A*B1*D,22.00,E/F + T2,Payant,24/24 7/7 jours,,20180209
SDE07,SDE07,E Born,FR*S07*P07064*A,LE CHEYLARD_Place de la Liberte,Place de la Liberte 07160 LE CHEYLARD,07064,4.42219400,44.90652830,,FR*S07*E07064*A*B1*G,22.00,E/F + T2,Payant,24/24 7/7 jours,,20180209
SDE07,SDE07,E Born,FR*S07*P07064*B,LE CHEYLARD_Place de la Guinguette,Place de la Guinguette 07160 LE CHEYLARD,07064,4.42441000,44.90586800,,FR*S07*E07064*B*B1*D,22.00,combo,Payant,24/24 7/7 jours,,20180209
SDE07,SDE07,E Born,FR*S07*P07064*B,LE CHEYLARD_Place de la Guinguette,Place de la Guinguette 07160 LE CHEYLARD,07064,4.42441000,44.90586800,,FR*S07*E07064*B*B1*G,22.00,T2,Payant,24/24 7/7 jours,,20180209
SDE07,SDE07,E Born,FR*S07*P07066*A,CHOMERAC_Le Triolet,Le Triolet 07210 CHOMERAC,07066,4.66295900,44.70697700,,FR*S07*E07066*A*B1*D,22.00,E/F + T2,Payant,24/24 7/7 jours,,20180209
SDE07,SDE07,E Born,FR*S07*P07066*A,CHOMERAC_Le Triolet,Le Triolet 07210 CHOMERAC,07066,4.66295900,44.70697700,,FR*S07*E07066*A*B1*G,22.00,E/F + T2,Payant,24/24 7/7 jours,,20180209
SDE07,SDE07,E Born,FR*S07*P07069*A,COLOMBIER LE VIEUX_Place du Marché,Place du Marché 07410 COLOMBIER LE VIEUX,07069,4.69543900,45.06615400,,FR*S07*E07069*A*B1*D,22.00,E/F + T2,Payant,24/24 7/7 jours,,20180209
SDE07,SDE07,E Born,FR*S07*P07069*A,COLOMBIER LE VIEUX_Place du Marché,Place du Marché 07410 COLOMBIER LE VIEUX,07069,4.69543900,45.06615400,,FR*S07*E07069*A*B1*G,22.00,E/F + T2,Payant,24/24 7/7 jours,,20180209
SDE07,SDE07,E Born,FR*S07*P07070*A,CORNAS_Avenue du Colonel Rousset,Avenue du Colonel Rousset 07130 CORNAS,07070,4.84810300,44.96071900,,FR*S07*E07070*A*B1*D,22.00,E/F + T2,Payant,24/24 7/7 jours,,20180209
SDE07,SDE07,E Born,FR*S07*P07070*A,CORNAS_Avenue du Colonel Rousset,Avenue du Colonel Rousset 07130 CORNAS,07070,4.84810300,44.96071900,,FR*S07*E07070*A*B1*G,22.00,E/F + T2,Payant,24/24 7/7 jours,,20180209
SDE07,SDE07,E Born,FR*S07*P07071*A,COUCOURON_Place du 14 Juillet,Place du 14 Juillet 07470 COUCOURON,07071,3.97075000,44.80311100,,FR*S07*E07071*A*B1*D,22.00,E/F + T2,Payant,24/24 7/7 jours,,20180209
SDE07,SDE07,E Born,FR*S07*P07071*A,COUCOURON_Place du 14 Juillet,Place du 14 Juillet 07470 COUCOURON,07071,3.97075000,44.80311100,,FR*S07*E07071*A*B1*G,22.00,E/F + T2,Payant,24/24 7/7 jours,,20180209
SDE07,SDE07,E Born,FR*S07*P07072*A,COUX_Place d'Onclaire,Place d'Onclaire 07000 COUX,07072,4.62365100,44.73589100,,FR*S07*E07072*A*B1*D,22.00,E/F + T2,Payant,24/24 7/7 jours,,20180209
SDE07,SDE07,E Born,FR*S07*P07072*A,COUX_Place d'Onclaire,Place d'Onclaire 07000 COUX,07072,4.62365100,44.73589100,,FR*S07*E07072*A*B1*G,22.00,E/F + T2,Payant,24/24 7/7 jours,,20180209
SDE07,SDE07,E Born,FR*S07*P07075*A,CROS DE GEORAND_La Palisse,La Palisse 07630 CROS DE GEORAND,07075,4.10358000,44.77788000,,FR*S07*E07075*A*B1*D,22.00,E/F + T2,Payant,24/24 7/7 jours,,20180209
SDE07,SDE07,E Born,FR*S07*P07075*A,CROS DE GEORAND_La Palisse,La Palisse 07630 CROS DE GEORAND,07075,4.10358000,44.77788000,,FR*S07*E07075*A*B1*G,22.00,E/F + T2,Payant,24/24 7/7 jours,,20180209
SDE07,SDE07,E Born,FR*S07*P07076*A,CRUAS_Place René Cassin,Place René Cassin 07350 CRUAS,07076,4.76545300,44.65717100,,FR*S07*E07076*A*B1*D,22.00,E/F + T2,Payant,24/24 7/7 jours,,20180209
SDE07,SDE07,E Born,FR*S07*P07076*A,CRUAS_Place René Cassin,Place René Cassin 07350 CRUAS,07076,4.76545300,44.65717100,,FR*S07*E07076*A*B1*G,22.00,E/F + T2,Payant,24/24 7/7 jours,,20180209
SDE07,SDE07,E Born,FR*S07*P07078*A,DAVEZIEUX_Place de la Poste,Place de la Poste 07430 DAVEZIEUX,07078,4.70591000,45.25732400,,FR*S07*E07078*A*B1*D,22.00,E/F + T2,Payant,24/24 7/7 jours,,20180209
SDE07,SDE07,E Born,FR*S07*P07078*A,DAVEZIEUX_Place de la Poste,Place de la Poste 07430 DAVEZIEUX,07078,4.70591000,45.25732400,,FR*S07*E07078*A*B1*G,22.00,E/F + T2,Payant,24/24 7/7 jours,,20180209
SDE07,SDE07,E Born,FR*S07*P07102*A,GUILHERAND GRANGES_Avenue Georges Clemenceau,Avenue Georges Clemenceau 07500 GUILHERAND GRANGES,07102,4.87080400,44.93238700,,FR*S07*E07102*A*B1*D,22.00,E/F + T2,Payant,24/24 7/7 jours,,20180209
SDE07,SDE07,E Born,FR*S07*P07102*A,GUILHERAND GRANGES_Avenue Georges Clemenceau,Avenue Georges Clemenceau 07500 GUILHERAND GRANGES,07102,4.87080400,44.93238700,,FR*S07*E07102*A*B1*G,22.00,E/F + T2,Payant,24/24 7/7 jours,,20180209
SDE07,SDE07,E Born,FR*S07*P07102*B,GUILHERAND GRANGES_Boulevard Charles de Gaulle,Boulevard Charles de Gaulle 07500 GUILHERAND GRANGES,07102,4.88350900,44.93507100,,FR*S07*E07102*B*B1*D,22.00,E/F + T2,Payant,24/24 7/7 jours,,20180209
SDE07,SDE07,E Born,FR*S07*P07102*B,GUILHERAND GRANGES_Boulevard Charles de Gaulle,Boulevard Charles de Gaulle 07500 GUILHERAND GRANGES,07102,4.88350900,44.93507100,,FR*S07*E07102*B*B1*G,22.00,E/F + T2,Payant,24/24 7/7 jours,,20180209
SDE07,SDE07,E Born,FR*S07*P07107*A,JAUJAC_Fabrias,Fabrias 07380 JAUJAC,07107,4.25689600,44.63516500,,FR*S07*E07107*A*B1*D,22.00,E/F + T2,Payant,24/24 7/7 jours,,20180209
SDE07,SDE07,E Born,FR*S07*P07107*A,JAUJAC_Fabrias,Fabrias 07380 JAUJAC,07107,4.25689600,44.63516500,,FR*S07*E07107*A*B1*G,22.00,E/F + T2,Payant,24/24 7/7 jours,,20180209
SDE07,SDE07,E Born,FR*S07*P07110*A,JOYEUSE_Le Pré du Château,Le Pré du Château 07260 JOYEUSE,07110,4.24175000,44.47997200,,FR*S07*E07110*A*B1*D,22.00,E/F + T2,Payant,24/24 7/7 jours,,20180209
SDE07,SDE07,E Born,FR*S07*P07110*A,JOYEUSE_Le Pré du Château,Le Pré du Château 07260 JOYEUSE,07110,4.24175000,44.47997200,,FR*S07*E07110*A*B1*G,22.00,E/F + T2,Payant,24/24 7/7 jours,,20180209
SDE07,SDE07,E Born,FR*S07*P07113*A,LABASTIDE DE VIRAC_Sous la Vielle,Sous la Vielle 07150 LABASTIDE DE VIRAC,07113,4.39995700,44.35168600,,FR*S07*E07113*A*B1*D,22.00,E/F + T2,Payant,24/24 7/7 jours,,20180209
SDE07,SDE07,E Born,FR*S07*P07113*A,LABASTIDE DE VIRAC_Sous la Vielle,Sous la Vielle 07150 LABASTIDE DE VIRAC,07113,4.39995700,44.35168600,,FR*S07*E07113*A*B1*G,22.00,E/F + T2,Payant,24/24 7/7 jours,,20180209
SDE07,SDE07,E Born,FR*S07*P07115*A,LABEAUME_Les Fraysses,Les Fraysses 07120 LABEAUME,07115,4.30705700,44.44770100,,FR*S07*E07115*A*B1*D,22.00,E/F + T2,Payant,24/24 7/7 jours,,20180209
SDE07,SDE07,E Born,FR*S07*P07115*A,LABEAUME_Les Fraysses,Les Fraysses 07120 LABEAUME,07115,4.30705700,44.44770100,,FR*S07*E07115*A*B1*G,22.00,E/F + T2,Payant,24/24 7/7 jours,,20180209
SDE07,SDE07,E Born,FR*S07*P07117*A,LABLACHERE_La Jaujon,La Jaujon 07230 LABLACHERE,07117,4.21586700,44.46308800,,FR*S07*E07117*A*B1*D,22.00,E/F + T2,Payant,24/24 7/7 jours,,20180209
SDE07,SDE07,E Born,FR*S07*P07117*A,LABLACHERE_La Jaujon,La Jaujon 07230 LABLACHERE,07117,4.21586700,44.46308800,,FR*S07*E07117*A*B1*G,22.00,E/F + T2,Payant,24/24 7/7 jours,,20180209
SDE07,SDE07,E Born,FR*S07*P07119*A,LE LAC D ISSARLES_Le Village,Le Village 07470 LE LAC D ISSARLES,07119,4.06293700,44.81608900,,FR*S07*E07119*A*B1*D,22.00,E/F + T2,Payant,24/24 7/7 jours,,20180209
SDE07,SDE07,E Born,FR*S07*P07119*A,LE LAC D ISSARLES_Le Village,Le Village 07470 LE LAC D ISSARLES,07119,4.06293700,44.81608900,,FR*S07*E07119*A*B1*G,22.00,E/F + T2,Payant,24/24 7/7 jours,,20180209
SDE07,SDE07,E Born,FR*S07*P07122*A,LACHAPELLE SOUS AUBENAS_Place De L'Alambic,Place De L'Alambic 07200 LACHAPELLE SOUS AUBENAS,07122,4.36312000,44.56380200,,FR*S07*E07122*A*B1*D,22.00,E/F + T2,Payant,24/24 7/7 jours,,20180209
SDE07,SDE07,E Born,FR*S07*P07122*A,LACHAPELLE SOUS AUBENAS_Place De L'Alambic,Place De L'Alambic 07200 LACHAPELLE SOUS AUBENAS,07122,4.36312000,44.56380200,,FR*S07*E07122*A*B1*G,22.00,E/F + T2,Payant,24/24 7/7 jours,,20180209
SDE07,SDE07,E Born,FR*S07*P07126*A,LAGORCE_Le Village,Le Village 07150 LAGORCE,07126,4.41797000,44.44786100,,FR*S07*E07126*A*B1*D,22.00,E/F + T2,Payant,24/24 7/7 jours,,20180209
SDE07,SDE07,E Born,FR*S07*P07126*A,LAGORCE_Le Village,Le Village 07150 LAGORCE,07126,4.41797000,44.44786100,,FR*S07*E07126*A*B1*G,22.00,E/F + T2,Payant,24/24 7/7 jours,,20180209
SDE07,SDE07,E Born,FR*S07*P07128*A,LALOUVESC_Sainte Agathe,Sainte Agathe 07520 LALOUVESC,07128,4.53403900,45.11985900,,FR*S07*E07128*A*B1*D,22.00,E/F + T2,Payant,24/24 7/7 jours,,20180209
SDE07,SDE07,E Born,FR*S07*P07128*A,LALOUVESC_Sainte Agathe,Sainte Agathe 07520 LALOUVESC,07128,4.53403900,45.11985900,,FR*S07*E07128*A*B1*G,22.00,E/F + T2,Payant,24/24 7/7 jours,,20180209
SDE07,SDE07,E Born,FR*S07*P07129*A,LAMASTRE_Place Predon,Place Predon 07270 LAMASTRE,07129,4.57977500,44.98703300,,FR*S07*E07129*A*B1*D,50.00,combo,Payant,24/24 7/7 jours,,20180209
SDE07,SDE07,E Born,FR*S07*P07129*A,LAMASTRE_Place Predon,Place Predon 07270 LAMASTRE,07129,4.57977500,44.98703300,,FR*S07*E07129*A*B1*G,43.00,A/C,Payant,24/24 7/7 jours,,20180209
SDE07,SDE07,E Born,FR*S07*P07130*A,LANARCE_La Bruge,La Bruge 07660 LANARCE,07130,4.00661100,44.72836000,,FR*S07*E07130*A*B1*D,22.00,E/F + T2,Payant,24/24 7/7 jours,,20180209
SDE07,SDE07,E Born,FR*S07*P07130*A,LANARCE_La Bruge,La Bruge 07660 LANARCE,07130,4.00661100,44.72836000,,FR*S07*E07130*A*B1*G,22.00,E/F + T2,Payant,24/24 7/7 jours,,20180209
SDE07,SDE07,E Born,FR*S07*P07132*A,LARGENTIERE_Place les Vergnades,Place les Vergnades 07110 LARGENTIERE,07132,4.29186100,44.53852800,,FR*S07*E07132*A*B1*D,22.00,E/F + T2,Payant,24/24 7/7 jours,,20180209
SDE07,SDE07,E Born,FR*S07*P07132*A,LARGENTIERE_Place les Vergnades,Place les Vergnades 07110 LARGENTIERE,07132,4.29186100,44.53852800,,FR*S07*E07132*A*B1*G,22.00,E/F + T2,Payant,24/24 7/7 jours,,20180209
SDE07,SDE07,E Born,FR*S07*P07142*A,LESPERON_Le Village,Le Village 07660 LESPERON,07142,3.89792500,44.73030600,,FR*S07*E07142*A*B1*D,22.00,E/F + T2,Payant,24/24 7/7 jours,,20180209
SDE07,SDE07,E Born,FR*S07*P07142*A,LESPERON_Le Village,Le Village 07660 LESPERON,07142,3.89792500,44.73030600,,FR*S07*E07142*A*B1*G,22.00,E/F + T2,Payant,24/24 7/7 jours,,20180209
SDE07,SDE07,E Born,FR*S07*P07152*A,MAUVES_Chemin de Halage,Chemin de Halage 07300 MAUVES,07152,4.83152800,45.03847200,,FR*S07*E07152*A*B1*D,22.00,E/F + T2,Payant,24/24 7/7 jours,,20180209
SDE07,SDE07,E Born,FR*S07*P07152*A,MAUVES_Chemin de Halage,Chemin de Halage 07300 MAUVES,07152,4.83152800,45.03847200,,FR*S07*E07152*A*B1*G,22.00,E/F + T2,Payant,24/24 7/7 jours,,20180209
SDE07,SDE07,E Born,FR*S07*P07153*A,MAYRES_Place du Chambon,Place du Chambon 07330 MAYRES,07153,4.11127400,44.66633700,,FR*S07*E07153*A*B1*D,43.00,combo,Payant,24/24 7/7 jours,,20180209
SDE07,SDE07,E Born,FR*S07*P07153*A,MAYRES_Place du Chambon,Place du Chambon 07330 MAYRES,07153,4.11127400,44.66633700,,FR*S07*E07153*A*B1*G,43.00,T2,Payant,24/24 7/7 jours,,20180209
SDE07,SDE07,E Born,FR*S07*P07156*A,MEYRAS_Place du Champ de Mars,Place du Champ de Mars 07380 MEYRAS,07156,4.26756300,44.68107400,,FR*S07*E07156*A*B1*D,22.00,E/F + T2,Payant,24/24 7/7 jours,,20180209
SDE07,SDE07,E Born,FR*S07*P07156*A,MEYRAS_Place du Champ de Mars,Place du Champ de Mars 07380 MEYRAS,07156,4.26756300,44.68107400,,FR*S07*E07156*A*B1*G,22.00,E/F + T2,Payant,24/24 7/7 jours,,20180209
SDE07,SDE07,E Born,FR*S07*P07157*A,MEYSSE_Rue Chevrière,Rue Chevrière 07400 MEYSSE,07157,4.72373700,44.60991800,,FR*S07*E07157*A*B1*D,22.00,E/F + T2,Payant,24/24 7/7 jours,,20180209
SDE07,SDE07,E Born,FR*S07*P07157*A,MEYSSE_Rue Chevrière,Rue Chevrière 07400 MEYSSE,07157,4.72373700,44.60991800,,FR*S07*E07157*A*B1*G,22.00,E/F + T2,Payant,24/24 7/7 jours,,20180209
SDE07,SDE07,E Born,FR*S07*P07158*A,MEZILHAC_Le Village,Le Village 07530 MEZILHAC,07158,4.35145600,44.80802200,,FR*S07*E07158*A*B1*D,22.00,E/F + T2,Payant,24/24 7/7 jours,,20180209
SDE07,SDE07,E Born,FR*S07*P07158*A,MEZILHAC_Le Village,Le Village 07530 MEZILHAC,07158,4.35145600,44.80802200,,FR*S07*E07158*A*B1*G,22.00,E/F + T2,Payant,24/24 7/7 jours,,20180209
SDE07,SDE07,E Born,FR*S07*P07161*A,MONTPEZAT SOUS BAUZON_Place de la Poste - Boulevard de la Prairie,Place de la Poste - Boulevard de la Prairie 07560 MONTPEZAT SOUS BAUZON,07161,4.20786100,44.71102800,,FR*S07*E07161*A*B1*D,22.00,E/F + T2,Payant,24/24 7/7 jours,,20180209
SDE07,SDE07,E Born,FR*S07*P07161*A,MONTPEZAT SOUS BAUZON_Place de la Poste - Boulevard de la Prairie,Place de la Poste - Boulevard de la Prairie 07560 MONTPEZAT SOUS BAUZON,07161,4.20786100,44.71102800,,FR*S07*E07161*A*B1*G,22.00,E/F + T2,Payant,24/24 7/7 jours,,20180209
SDE07,SDE07,E Born,FR*S07*P07168*A,ORGNAC L AVEN_Camp Redon,Camp Redon 07150 ORGNAC L AVEN,07168,4.41385700,44.31816000,,FR*S07*E07168*A*B1*D,22.00,E/F + T2,Payant,24/24 7/7 jours,,20180209
SDE07,SDE07,E Born,FR*S07*P07168*A,ORGNAC L AVEN_Camp Redon,Camp Redon 07150 ORGNAC L AVEN,07168,4.41385700,44.31816000,,FR*S07*E07168*A*B1*G,22.00,E/F + T2,Payant,24/24 7/7 jours,,20180209
SDE07,SDE07,E Born,FR*S07*P07172*A,PEAUGRES_Route de l'Egalité,Route de l'Egalité 07340 PEAUGRES,07172,4.72680000,45.28616600,,FR*S07*E07172*A*B1*D,22.00,E/F + T2,Payant,24/24 7/7 jours,,20180209
SDE07,SDE07,E Born,FR*S07*P07172*A,PEAUGRES_Route de l'Egalité,Route de l'Egalité 07340 PEAUGRES,07172,4.72680000,45.28616600,,FR*S07*E07172*A*B1*G,22.00,E/F + T2,Payant,24/24 7/7 jours,,20180209
SDE07,SDE07,E Born,FR*S07*P07186*A,PRIVAS_Place du Champs de Mars,Place du Champs de Mars 07000 PRIVAS,07186,4.59880400,44.73644300,,FR*S07*E07186*A*B1*D,22.00,E/F + T2,Payant,24/24 7/7 jours,,20180209
SDE07,SDE07,E Born,FR*S07*P07186*A,PRIVAS_Place du Champs de Mars,Place du Champs de Mars 07000 PRIVAS,07186,4.59880400,44.73644300,,FR*S07*E07186*A*B1*G,22.00,E/F + T2,Payant,24/24 7/7 jours,,20180209
SDE07,SDE07,E Born,FR*S07*P07186*B,PRIVAS_Place du Foiral,Place du Foiral 07000 PRIVAS,07186,4.59005000,44.73413500,,FR*S07*E07186*B*B1*D,22.00,E/F + T2,Payant,24/24 7/7 jours,,20180209
SDE07,SDE07,E Born,FR*S07*P07186*B,PRIVAS_Place du Foiral,Place du Foiral 07000 PRIVAS,07186,4.59005000,44.73413500,,FR*S07*E07186*B*B1*G,22.00,E/F + T2,Payant,24/24 7/7 jours,,20180209
SDE07,SDE07,E Born,FR*S07*P07186*D,PRIVAS_Avenue de l'Europe Unie,Avenue de l'Europe Unie 07000 PRIVAS,07186,4.59843800,44.73418100,,FR*S07*E07186*D*B1*D,22.00,E/F + T2,Payant,24/24 7/7 jours,,20180209
SDE07,SDE07,E Born,FR*S07*P07186*D,PRIVAS_Avenue de l'Europe Unie,Avenue de l'Europe Unie 07000 PRIVAS,07186,4.59843800,44.73418100,,FR*S07*E07186*D*B1*G,22.00,E/F + T2,Payant,24/24 7/7 jours,,20180209
SDE07,SDE07,E Born,FR*S07*P07186*E,PRIVAS_Cours Saint Louis,Cours Saint Louis 07000 PRIVAS,07186,4.59494500,44.73507400,,FR*S07*E07186*E*B1*D,22.00,combo,Payant,24/24 7/7 jours,,20180209
SDE07,SDE07,E Born,FR*S07*P07186*E,PRIVAS_Cours Saint Louis,Cours Saint Louis 07000 PRIVAS,07186,4.59494500,44.73507400,,FR*S07*E07186*E*B1*G,22.00,T2,Payant,24/24 7/7 jours,,20180209
SDE07,SDE07,E Born,FR*S07*P07191*A,ROCHEMAURE_Place des Brassieres,Place des Brassieres 07400 ROCHEMAURE,07191,4.70472800,44.58802500,,FR*S07*E07191*A*B1*D,22.00,E/F + T2,Payant,24/24 7/7 jours,,20180209
SDE07,SDE07,E Born,FR*S07*P07191*A,ROCHEMAURE_Place des Brassieres,Place des Brassieres 07400 ROCHEMAURE,07191,4.70472800,44.58802500,,FR*S07*E07191*A*B1*G,22.00,E/F + T2,Payant,24/24 7/7 jours,,20180209
SDE07,SDE07,E Born,FR*S07*P07197*A,ROIFFIEUX_Place de la Mairie,Place de la Mairie 07100 ROIFFIEUX,07197,4.65860545,45.22726404,,FR*S07*E07197*A*B1*D,22.00,E/F + T2,Payant,24/24 7/7 jours,,20180209
SDE07,SDE07,E Born,FR*S07*P07197*A,ROIFFIEUX_Place de la Mairie,Place de la Mairie 07100 ROIFFIEUX,07197,4.65860545,45.22726404,,FR*S07*E07197*A*B1*G,22.00,E/F + T2,Payant,24/24 7/7 jours,,20180209
SDE07,SDE07,E Born,FR*S07*P07199*A,ROSIERES_Place du Village,Place du Village 07260 ROSIERES,07199,4.25520700,44.48219900,,FR*S07*E07199*A*B1*D,22.00,E/F + T2,Payant,24/24 7/7 jours,,20180209
SDE07,SDE07,E Born,FR*S07*P07199*A,ROSIERES_Place du Village,Place du Village 07260 ROSIERES,07199,4.25520700,44.48219900,,FR*S07*E07199*A*B1*G,22.00,E/F + T2,Payant,24/24 7/7 jours,,20180209
SDE07,SDE07,E Born,FR*S07*P07201*A,RUOMS_Place Général de Gaulle,Place Général de Gaulle 07120 RUOMS,07201,4.34245600,44.45395600,,FR*S07*E07201*A*B1*D,22.00,E/F + T2,Payant,24/24 7/7 jours,,20180209
SDE07,SDE07,E Born,FR*S07*P07201*A,RUOMS_Place Général de Gaulle,Place Général de Gaulle 07120 RUOMS,07201,4.34245600,44.45395600,,FR*S07*E07201*A*B1*G,22.00,E/F + T2,Payant,24/24 7/7 jours,,20180209
SDE07,SDE07,E Born,FR*S07*P07202*A,SABLIERES_Le Village,Le Village 07260 SABLIERES,07202,4.07317400,44.53229200,,FR*S07*E07202*A*B1*D,22.00,E/F + T2,Payant,24/24 7/7 jours,,20180209
SDE07,SDE07,E Born,FR*S07*P07202*A,SABLIERES_Le Village,Le Village 07260 SABLIERES,07202,4.07317400,44.53229200,,FR*S07*E07202*A*B1*G,22.00,E/F + T2,Payant,24/24 7/7 jours,,20180209
SDE07,SDE07,E Born,FR*S07*P07203*A,SAGNES ET GOUDOULET_Les Sagnes,Les Sagnes 07450 SAGNES ET GOUDOULET,07203,4.22642800,44.79045000,,FR*S07*E07203*A*B1*D,22.00,E/F + T2,Payant,24/24 7/7 jours,,20180209
SDE07,SDE07,E Born,FR*S07*P07203*A,SAGNES ET GOUDOULET_Les Sagnes,Les Sagnes 07450 SAGNES ET GOUDOULET,07203,4.22642800,44.79045000,,FR*S07*E07203*A*B1*G,22.00,E/F + T2,Payant,24/24 7/7 jours,,20180209
SDE07,SDE07,E Born,FR*S07*P07204*A,ST AGREVE_Place de Chantoisel,Place de Chantoisel 07320 ST AGREVE,07204,4.39372200,45.00994400,,FR*S07*E07204*A*B1*D,22.00,E/F + T2,Payant,24/24 7/7 jours,,20180209
SDE07,SDE07,E Born,FR*S07*P07204*A,ST AGREVE_Place de Chantoisel,Place de Chantoisel 07320 ST AGREVE,07204,4.39372200,45.00994400,,FR*S07*E07204*A*B1*G,22.00,E/F + T2,Payant,24/24 7/7 jours,,20180209
SDE07,SDE07,E Born,FR*S07*P07205*A,ST ALBAN D AY_Font Benite,Font Benite 07790 ST ALBAN D AY,07205,4.63847100,45.18898300,,FR*S07*E07205*A*B1*D,22.00,E/F + T2,Payant,24/24 7/7 jours,,20180209
SDE07,SDE07,E Born,FR*S07*P07205*A,ST ALBAN D AY_Font Benite,Font Benite 07790 ST ALBAN D AY,07205,4.63847100,45.18898300,,FR*S07*E07205*A*B1*G,22.00,E/F + T2,Payant,24/24 7/7 jours,,20180209
SDE07,SDE07,E Born,FR*S07*P07207*A,ST ALBAN AURIOLLES_Place Aristide Briand,Place Aristide Briand 07120 ST ALBAN AURIOLLES,07207,4.29988300,44.42608800,,FR*S07*E07207*A*B1*D,22.00,E/F + T2,Payant,24/24 7/7 jours,,20180209
SDE07,SDE07,E Born,FR*S07*P07207*A,ST ALBAN AURIOLLES_Place Aristide Briand,Place Aristide Briand 07120 ST ALBAN AURIOLLES,07207,4.29988300,44.42608800,,FR*S07*E07207*A*B1*G,22.00,E/F + T2,Payant,24/24 7/7 jours,,20180209
SDE07,SDE07,E Born,FR*S07*P07229*A,ST DIDIER SOUS AUBENAS_Place des Vignettes,Place des Vignettes 07200 ST DIDIER SOUS AUBENAS,07229,4.40901200,44.61236400,,FR*S07*E07229*A*B1*D,43.00,combo,Payant,24/24 7/7 jours,,20180209
SDE07,SDE07,E Born,FR*S07*P07229*A,ST DIDIER SOUS AUBENAS_Place des Vignettes,Place des Vignettes 07200 ST DIDIER SOUS AUBENAS,07229,4.40901200,44.61236400,,FR*S07*E07229*A*B1*G,43.00,A/C,Payant,24/24 7/7 jours,,20180209
SDE07,SDE07,E Born,FR*S07*P07231*A,ST ETIENNE DE FONTBELLON_Rue de la Mairie,Rue de la Mairie 07200 ST ETIENNE DE FONTBELLON,07231,4.38268800,44.59964600,,FR*S07*E07231*A*B1*D,22.00,E/F + T2,Payant,24/24 7/7 jours,,20180209
SDE07,SDE07,E Born,FR*S07*P07231*A,ST ETIENNE DE FONTBELLON_Rue de la Mairie,Rue de la Mairie 07200 ST ETIENNE DE FONTBELLON,07231,4.38268800,44.59964600,,FR*S07*E07231*A*B1*G,22.00,E/F + T2,Payant,24/24 7/7 jours,,20180209
SDE07,SDE07,E Born,FR*S07*P07232*A,ST ETIENNE DE LUGDARES_Le Village,Le Village 07590 ST ETIENNE DE LUGDARES,07232,3.95545400,44.65122800,,FR*S07*E07232*A*B1*D,22.00,E/F + T2,Payant,24/24 7/7 jours,,20180209
SDE07,SDE07,E Born,FR*S07*P07232*A,ST ETIENNE DE LUGDARES_Le Village,Le Village 07590 ST ETIENNE DE LUGDARES,07232,3.95545400,44.65122800,,FR*S07*E07232*A*B1*G,22.00,E/F + T2,Payant,24/24 7/7 jours,,20180209
SDE07,SDE07,E Born,FR*S07*P07235*A,STE EULALIE_Place du Marche,Place du Marche 07510 STE EULALIE,07235,4.18948800,44.80924700,,FR*S07*E07235*A*B1*D,22.00,E/F + T2,Payant,24/24 7/7 jours,,20180209
SDE07,SDE07,E Born,FR*S07*P07235*A,STE EULALIE_Place du Marche,Place du Marche 07510 STE EULALIE,07235,4.18948800,44.80924700,,FR*S07*E07235*A*B1*G,22.00,E/F + T2,Payant,24/24 7/7 jours,,20180209
SDE07,SDE07,E Born,FR*S07*P07236*A,ST FELICIEN_Place du Martouret,Place du Martouret 07410 ST FELICIEN,07236,4.62537600,45.08545600,,FR*S07*E07236*A*B1*D,22.00,E/F + T2,Payant,24/24 7/7 jours,,20180209
SDE07,SDE07,E Born,FR*S07*P07236*A,ST FELICIEN_Place du Martouret,Place du Martouret 07410 ST FELICIEN,07236,4.62537600,45.08545600,,FR*S07*E07236*A*B1*G,22.00,E/F + T2,Payant,24/24 7/7 jours,,20180209
SDE07,SDE07,E Born,FR*S07*P07240*A,ST GEORGES LES BAINS_Le Blod,Le Blod 07800 ST GEORGES LES BAINS,07240,4.82973400,44.85609400,,FR*S07*E07240*A*B1*D,22.00,E/F + T2,Payant,24/24 7/7 jours,,20180209
SDE07,SDE07,E Born,FR*S07*P07240*A,ST GEORGES LES BAINS_Le Blod,Le Blod 07800 ST GEORGES LES BAINS,07240,4.82973400,44.85609400,,FR*S07*E07240*A*B1*G,22.00,E/F + T2,Payant,24/24 7/7 jours,,20180209
SDE07,SDE07,E Born,FR*S07*P07241*A,ST GERMAIN_Place du Champ des Pauvres,Place du Champ des Pauvres 07170 ST GERMAIN,07241,4.45123100,44.55526100,,FR*S07*E07241*A*B1*D,22.00,E/F + T2,Payant,24/24 7/7 jours,,20180209
SDE07,SDE07,E Born,FR*S07*P07241*A,ST GERMAIN_Place du Champ des Pauvres,Place du Champ des Pauvres 07170 ST GERMAIN,07241,4.45123100,44.55526100,,FR*S07*E07241*A*B1*G,22.00,E/F + T2,Payant,24/24 7/7 jours,,20180209
SDE07,SDE07,E Born,FR*S07*P07245*A,ST JEAN DE MUZOLS_Rue Centrale,Rue Centrale 07300 ST JEAN DE MUZOLS,07245,4.81534600,45.08348600,,FR*S07*E07245*A*B1*D,22.00,E/F + T2,Payant,24/24 7/7 jours,,20180209
SDE07,SDE07,E Born,FR*S07*P07245*A,ST JEAN DE MUZOLS_Rue Centrale,Rue Centrale 07300 ST JEAN DE MUZOLS,07245,4.81534600,45.08348600,,FR*S07*E07245*A*B1*G,22.00,E/F + T2,Payant,24/24 7/7 jours,,20180209
SDE07,SDE07,E Born,FR*S07*P07259*A,ST JUST D ARDECHE_Place de l'Ecole - Route de Bourg Saint Andeol,Place de l'Ecole - Route de Bourg Saint Andeol 07700 ST JUST D ARDECHE,07259,4.61352800,44.30425000,,FR*S07*E07259*A*B1*D,22.00,E/F + T2,Payant,24/24 7/7 jours,,20180209
SDE07,SDE07,E Born,FR*S07*P07259*A,ST JUST D ARDECHE_Place de l'Ecole - Route de Bourg Saint Andeol,Place de l'Ecole - Route de Bourg Saint Andeol 07700 ST JUST D ARDECHE,07259,4.61352800,44.30425000,,FR*S07*E07259*A*B1*G,22.00,E/F + T2,Payant,24/24 7/7 jours,,20180209
SDE07,SDE07,E Born,FR*S07*P07267*A,ST MARTIAL_Village Nord,Village Nord 07310 ST MARTIAL,07267,4.27482500,44.86728700,,FR*S07*E07267*A*B1*D,22.00,E/F + T2,Payant,24/24 7/7 jours,,20180209
SDE07,SDE07,E Born,FR*S07*P07267*A,ST MARTIAL_Village Nord,Village Nord 07310 ST MARTIAL,07267,4.27482500,44.86728700,,FR*S07*E07267*A*B1*G,22.00,E/F + T2,Payant,24/24 7/7 jours,,20180209
SDE07,SDE07,E Born,FR*S07*P07268*A,ST MARTIN D ARDECHE_Chemin du Grand Clos,Chemin du Grand Clos 07700 ST MARTIN D ARDECHE,07268,4.56856300,44.30135300,,FR*S07*E07268*A*B1*D,22.00,E/F + T2,Payant,24/24 7/7 jours,,20180209
SDE07,SDE07,E Born,FR*S07*P07268*A,ST MARTIN D ARDECHE_Chemin du Grand Clos,Chemin du Grand Clos 07700 ST MARTIN D ARDECHE,07268,4.56856300,44.30135300,,FR*S07*E07268*A*B1*G,22.00,E/F + T2,Payant,24/24 7/7 jours,,20180209
SDE07,SDE07,E Born,FR*S07*P07279*A,ST MONTAN_Bauvache,Bauvache 07220 ST MONTAN,07279,4.62543100,44.43869900,,FR*S07*E07279*A*B1*D,22.00,E/F + T2,Payant,24/24 7/7 jours,,20180209
SDE07,SDE07,E Born,FR*S07*P07279*A,ST MONTAN_Bauvache,Bauvache 07220 ST MONTAN,07279,4.62543100,44.43869900,,FR*S07*E07279*A*B1*G,22.00,E/F + T2,Payant,24/24 7/7 jours,,20180209
SDE07,SDE07,E Born,FR*S07*P07281*A,ST PERAY_Place Andre Pic,Place Andre Pic 07130 ST PERAY,07281,4.83965000,44.94409000,,FR*S07*E07281*A*B1*D,22.00,E/F + T2,Payant,24/24 7/7 jours,,20180209
SDE07,SDE07,E Born,FR*S07*P07281*A,ST PERAY_Place Andre Pic,Place Andre Pic 07130 ST PERAY,07281,4.83965000,44.94409000,,FR*S07*E07281*A*B1*G,22.00,E/F + T2,Payant,24/24 7/7 jours,,20180209
SDE07,SDE07,E Born,FR*S07*P07281*B,ST PERAY_Allee Du Mistral,Allee Du Mistral 07130 ST PERAY,07281,4.86039900,44.94193700,,FR*S07*E07281*B*B1*D,22.00,E/F + T2,Payant,24/24 7/7 jours,,20180209
SDE07,SDE07,E Born,FR*S07*P07281*B,ST PERAY_Allee Du Mistral,Allee Du Mistral 07130 ST PERAY,07281,4.86039900,44.94193700,,FR*S07*E07281*B*B1*G,22.00,E/F + T2,Payant,24/24 7/7 jours,,20180209
SDE07,SDE07,E Born,FR*S07*P07286*A,ST PIERREVILLE_Place du Clos,Place du Clos 07190 ST PIERREVILLE,07286,4.48872000,44.81492700,,FR*S07*E07286*A*B1*D,22.00,E/F + T2,Payant,24/24 7/7 jours,,20180209
SDE07,SDE07,E Born,FR*S07*P07286*A,ST PIERREVILLE_Place du Clos,Place du Clos 07190 ST PIERREVILLE,07286,4.48872000,44.81492700,,FR*S07*E07286*A*B1*G,22.00,E/F + T2,Payant,24/24 7/7 jours,,20180209
SDE07,SDE07,E Born,FR*S07*P07288*A,ST PRIEST_Place Des Mineurs,Place Des Mineurs 07000 ST PRIEST,07288,4.57474100,44.72065400,,FR*S07*E07288*A*B1*D,22.00,E/F + T2,Payant,24/24 7/7 jours,,20180209
SDE07,SDE07,E Born,FR*S07*P07288*A,ST PRIEST_Place Des Mineurs,Place Des Mineurs 07000 ST PRIEST,07288,4.57474100,44.72065400,,FR*S07*E07288*A*B1*G,22.00,E/F + T2,Payant,24/24 7/7 jours,,20180209
SDE07,SDE07,E Born,FR*S07*P07292*A,ST ROMAIN D AY_Avenue de Praperrier,Avenue de Praperrier 07290 ST ROMAIN D AY,07292,4.66594299,45.16699500,,FR*S07*E07292*A*B1*D,22.00,E/F + T2,Payant,24/24 7/7 jours,,20180209
SDE07,SDE07,E Born,FR*S07*P07292*A,ST ROMAIN D AY_Avenue de Praperrier,Avenue de Praperrier 07290 ST ROMAIN D AY,07292,4.66594299,45.16699500,,FR*S07*E07292*A*B1*G,22.00,E/F + T2,Payant,24/24 7/7 jours,,20180209
SDE07,SDE07,E Born,FR*S07*P07294*A,ST SAUVEUR DE CRUZIERES_Fangaro,Fangaro 07460 ST SAUVEUR DE CRUZIERES,07294,4.25471200,44.29897900,,FR*S07*E07294*A*B1*D,22.00,E/F + T2,Payant,24/24 7/7 jours,,20180209
SDE07,SDE07,E Born,FR*S07*P07294*A,ST SAUVEUR DE CRUZIERES_Fangaro,Fangaro 07460 ST SAUVEUR DE CRUZIERES,07294,4.25471200,44.29897900,,FR*S07*E07294*A*B1*G,22.00,E/F + T2,Payant,24/24 7/7 jours,,20180209
SDE07,SDE07,E Born,FR*S07*P07295*A,ST SAUVEUR DE MONTAGUT_Saint Sauveur,Saint Sauveur 07190 ST SAUVEUR DE MONTAGUT,07295,4.58457300,44.82141500,,FR*S07*E07295*A*B1*D,22.00,E/F + T2,Payant,24/24 7/7 jours,,20180209
SDE07,SDE07,E Born,FR*S07*P07295*A,ST SAUVEUR DE MONTAGUT_Saint Sauveur,Saint Sauveur 07190 ST SAUVEUR DE MONTAGUT,07295,4.58457300,44.82141500,,FR*S07*E07295*A*B1*G,22.00,E/F + T2,Payant,24/24 7/7 jours,,20180209
SDE07,SDE07,E Born,FR*S07*P07300*A,ST THOME_Place des Crottes,Place des Crottes 07220 ST THOME,07300,4.62938900,44.50300000,,FR*S07*E07300*A*B1*D,22.00,E/F + T2,Payant,24/24 7/7 jours,,20180209
SDE07,SDE07,E Born,FR*S07*P07300*A,ST THOME_Place des Crottes,Place des Crottes 07220 ST THOME,07300,4.62938900,44.50300000,,FR*S07*E07300*A*B1*G,22.00,E/F + T2,Payant,24/24 7/7 jours,,20180209
SDE07,SDE07,E Born,FR*S07*P07306*A,SAMPZON_Place de la Mairie,Place de la Mairie 07120 SAMPZON,07306,4.34368100,44.42462100,,FR*S07*E07306*A*B1*D,22.00,E/F + T2,Payant,24/24 7/7 jours,,20180209
SDE07,SDE07,E Born,FR*S07*P07306*A,SAMPZON_Place de la Mairie,Place de la Mairie 07120 SAMPZON,07306,4.34368100,44.42462100,,FR*S07*E07306*A*B1*G,22.00,E/F + T2,Payant,24/24 7/7 jours,,20180209
SDE07,SDE07,E Born,FR*S07*P07308*A,SARRAS_Place Jean Moulin,Place Jean Moulin 07370 SARRAS,07308,4.79981500,45.18772100,,FR*S07*E07308*A*B1*D,22.00,E/F + T2,Payant,24/24 7/7 jours,,20180209
SDE07,SDE07,E Born,FR*S07*P07308*A,SARRAS_Place Jean Moulin,Place Jean Moulin 07370 SARRAS,07308,4.79981500,45.18772100,,FR*S07*E07308*A*B1*G,22.00,E/F + T2,Payant,24/24 7/7 jours,,20180209
SDE07,SDE07,E Born,FR*S07*P07309*A,SATILLIEU_Place du Collège,Place du Collège 07290 SATILLIEU,07309,4.61752000,45.15135500,,FR*S07*E07309*A*B1*D,22.00,E/F + T2,Payant,24/24 7/7 jours,,20180209
SDE07,SDE07,E Born,FR*S07*P07309*A,SATILLIEU_Place du Collège,Place du Collège 07290 SATILLIEU,07309,4.61752000,45.15135500,,FR*S07*E07309*A*B1*G,22.00,E/F + T2,Payant,24/24 7/7 jours,,20180209
SDE07,SDE07,E Born,FR*S07*P07319*A,LE TEIL_Place René Montérémal,Place René Montérémal 07400 LE TEIL,07319,4.68568100,44.55292900,,FR*S07*E07319*A*B1*D,22.00,E/F + T2,Payant,24/24 7/7 jours,,20180209
SDE07,SDE07,E Born,FR*S07*P07319*A,LE TEIL_Place René Montérémal,Place René Montérémal 07400 LE TEIL,07319,4.68568100,44.55292900,,FR*S07*E07319*A*B1*G,22.00,E/F + T2,Payant,24/24 7/7 jours,,20180209
SDE07,SDE07,E Born,FR*S07*P07319*B,LE TEIL_Place du Cimetière,Place du Cimetière 07400 LE TEIL,07319,4.68228600,44.55000800,,FR*S07*E07319*B*B1*D,22.00,E/F + T2,Payant,24/24 7/7 jours,,20180209
SDE07,SDE07,E Born,FR*S07*P07319*B,LE TEIL_Place du Cimetière,Place du Cimetière 07400 LE TEIL,07319,4.68228600,44.55000800,,FR*S07*E07319*B*B1*G,22.00,E/F + T2,Payant,24/24 7/7 jours,,20180209
SDE07,SDE07,E Born,FR*S07*P07322*A,THUEYTS_Place du Champ de Mars,Place du Champ de Mars 07330 THUEYTS,07322,4.22180300,44.67575200,,FR*S07*E07322*A*B1*D,22.00,E/F + T2,Payant,24/24 7/7 jours,,20180209
SDE07,SDE07,E Born,FR*S07*P07322*A,THUEYTS_Place du Champ de Mars,Place du Champ de Mars 07330 THUEYTS,07322,4.22180300,44.67575200,,FR*S07*E07322*A*B1*G,22.00,E/F + T2,Payant,24/24 7/7 jours,,20180209
SDE07,SDE07,E Born,FR*S07*P07324*A,TOURNON SUR RHONE_Place Carnot,Place Carnot 07300 TOURNON SUR RHONE,07324,4.83552700,45.06430000,,FR*S07*E07324*A*B1*D,22.00,E/F + T2,Payant,24/24 7/7 jours,,20180209
SDE07,SDE07,E Born,FR*S07*P07324*A,TOURNON SUR RHONE_Place Carnot,Place Carnot 07300 TOURNON SUR RHONE,07324,4.83552700,45.06430000,,FR*S07*E07324*A*B1*G,22.00,E/F + T2,Payant,24/24 7/7 jours,,20180209
SDE07,SDE07,E Born,FR*S07*P07325*A,UCEL_Route de la manufacture royale - Espace Deydier,Route de la manufacture royale - Espace Deydier 07200 UCEL,07325,4.39729500,44.62625500,,FR*S07*E07325*A*B1*D,22.00,E/F + T2,Payant,24/24 7/7 jours,,20180209
SDE07,SDE07,E Born,FR*S07*P07325*A,UCEL_Route de la manufacture royale - Espace Deydier,Route de la manufacture royale - Espace Deydier 07200 UCEL,07325,4.39729500,44.62625500,,FR*S07*E07325*A*B1*G,22.00,E/F + T2,Payant,24/24 7/7 jours,,20180209
SDE07,SDE07,E Born,FR*S07*P07328*A,VAGNAS_Place de l'Eglise,Place de l'Eglise 07150 VAGNAS,07328,4.36600800,44.34512200,,FR*S07*E07328*A*B1*D,22.00,E/F + T2,Payant,24/24 7/7 jours,,20180209
SDE07,SDE07,E Born,FR*S07*P07328*A,VAGNAS_Place de l'Eglise,Place de l'Eglise 07150 VAGNAS,07328,4.36600800,44.34512200,,FR*S07*E07328*A*B1*G,22.00,E/F + T2,Payant,24/24 7/7 jours,,20180209
SDE07,SDE07,E Born,FR*S07*P07329*A,VALGORGE_Le Village,Le Village 07110 VALGORGE,07329,4.12942200,44.58776300,,FR*S07*E07329*A*B1*D,22.00,E/F + T2,Payant,24/24 7/7 jours,,20180209
SDE07,SDE07,E Born,FR*S07*P07329*A,VALGORGE_Le Village,Le Village 07110 VALGORGE,07329,4.12942200,44.58776300,,FR*S07*E07329*A*B1*G,22.00,E/F + T2,Payant,24/24 7/7 jours,,20180209
SDE07,SDE07,E Born,FR*S07*P07330*A,VALLON PONT D ARC_Quartier Ratiere,Quartier Ratiere 07150 VALLON PONT D ARC,07330,4.39753000,44.40623100,,FR*S07*E07330*A*B1*D,22.00,E/F + T2,Payant,24/24 7/7 jours,,20180209
SDE07,SDE07,E Born,FR*S07*P07330*A,VALLON PONT D ARC_Quartier Ratiere,Quartier Ratiere 07150 VALLON PONT D ARC,07330,4.39753000,44.40623100,,FR*S07*E07330*A*B1*G,22.00,E/F + T2,Payant,24/24 7/7 jours,,20180209
SDE07,SDE07,E Born,FR*S07*P07330*A,VALLON PONT D ARC_Quartier Ratiere,Quartier Ratiere 07150 VALLON PONT D ARC,07330,4.39753000,44.40623100,,FR*S07*E07330*A*B2*D,22.00,E/F + T2,Payant,24/24 7/7 jours,,20180209
SDE07,SDE07,E Born,FR*S07*P07330*A,VALLON PONT D ARC_Quartier Ratiere,Quartier Ratiere 07150 VALLON PONT D ARC,07330,4.39753000,44.40623100,,FR*S07*E07330*A*B2*G,22.00,E/F + T2,Payant,24/24 7/7 jours,,20180209
SDE07,SDE07,E Born,FR*S07*P07330*B,VALLON PONT D ARC_Parking Néruda,Parking Néruda 07150 VALLON PONT D ARC,07330,4.38994400,44.40626700,,FR*S07*E07330*B*B1*D,43.00,combo,Payant,24/24 7/7 jours,,20180209
SDE07,SDE07,E Born,FR*S07*P07330*B,VALLON PONT D ARC_Parking Néruda,Parking Néruda 07150 VALLON PONT D ARC,07330,4.38994400,44.40626700,,FR*S07*E07330*B*B1*G,43.00,T2,Payant,24/24 7/7 jours,,20180209
SDE07,SDE07,E Born,FR*S07*P07331*A,VALS LES BAINS_Place Galimard,Place Galimard 07600 VALS LES BAINS,07331,4.36573100,44.66579800,,FR*S07*E07331*A*B1*D,22.00,E/F + T2,Payant,24/24 7/7 jours,,20180209
SDE07,SDE07,E Born,FR*S07*P07331*A,VALS LES BAINS_Place Galimard,Place Galimard 07600 VALS LES BAINS,07331,4.36573100,44.66579800,,FR*S07*E07331*A*B1*G,22.00,E/F + T2,Payant,24/24 7/7 jours,,20180209
SDE07,SDE07,E Born,FR*S07*P07334*A,LES VANS_Le Bourdaric,Le Bourdaric 07140 LES VANS,07334,4.12818100,44.40526800,,FR*S07*E07334*A*B1*D,43.00,combo,Payant,24/24 7/7 jours,,20180209
SDE07,SDE07,E Born,FR*S07*P07334*A,LES VANS_Le Bourdaric,Le Bourdaric 07140 LES VANS,07334,4.12818100,44.40526800,,FR*S07*E07334*A*B1*G,43.00,T2,Payant,24/24 7/7 jours,,20180209
SDE07,SDE07,E Born,FR*S07*P07337*A,VERNOSC LES ANNONAY_Rue du Centre,Rue du Centre 07430 VERNOSC LES ANNONAY,07337,4.71452000,45.21870000,,FR*S07*E07337*A*B1*D,22.00,E/F + T2,Payant,24/24 7/7 jours,,20180209
SDE07,SDE07,E Born,FR*S07*P07337*A,VERNOSC LES ANNONAY_Rue du Centre,Rue du Centre 07430 VERNOSC LES ANNONAY,07337,4.71452000,45.21870000,,FR*S07*E07337*A*B1*G,22.00,E/F + T2,Payant,24/24 7/7 jours,,20180209
SDE07,SDE07,E Born,FR*S07*P07338*A,VERNOUX EN VIVARAIS_Avenue Vincent D Indy - Le Village,Avenue Vincent D Indy - Le Village 07240 VERNOUX EN VIVARAIS,07338,4.64776300,44.89765800,,FR*S07*E07338*A*B1*D,22.00,E/F + T2,Payant,24/24 7/7 jours,,20180209
SDE07,SDE07,E Born,FR*S07*P07338*A,VERNOUX EN VIVARAIS_Avenue Vincent D Indy - Le Village,Avenue Vincent D Indy - Le Village 07240 VERNOUX EN VIVARAIS,07338,4.64776300,44.89765800,,FR*S07*E07338*A*B1*G,22.00,E/F + T2,Payant,24/24 7/7 jours,,20180209
SDE07,SDE07,E Born,FR*S07*P07339*A,VESSEAUX_Chemin de l'Ancien Stade,Chemin de l'Ancien Stade 07200 VESSEAUX,07339,4.44517800,44.65252300,,FR*S07*E07339*A*B1*D,22.00,E/F + T2,Payant,24/24 7/7 jours,,20180209
SDE07,SDE07,E Born,FR*S07*P07339*A,VESSEAUX_Chemin de l'Ancien Stade,Chemin de l'Ancien Stade 07200 VESSEAUX,07339,4.44517800,44.65252300,,FR*S07*E07339*A*B1*G,22.00,E/F + T2,Payant,24/24 7/7 jours,,20180209
SDE07,SDE07,E Born,FR*S07*P07341*A,VILLENEUVE DE BERG_Place des Combettes,Place des Combettes 07170 VILLENEUVE DE BERG,07341,4.50192900,44.55836800,,FR*S07*E07341*A*B1*D,22.00,E/F + T2,Payant,24/24 7/7 jours,,20180209
SDE07,SDE07,E Born,FR*S07*P07341*A,VILLENEUVE DE BERG_Place des Combettes,Place des Combettes 07170 VILLENEUVE DE BERG,07341,4.50192900,44.55836800,,FR*S07*E07341*A*B1*G,22.00,E/F + T2,Payant,24/24 7/7 jours,,20180209
SDE07,SDE07,E Born,FR*S07*P07343*A,VINEZAC_Place Chalendas,Place Chalendas 07110 VINEZAC,07343,4.32584200,44.53750900,,FR*S07*E07343*A*B1*D,22.00,E/F + T2,Payant,24/24 7/7 jours,,20180209
SDE07,SDE07,E Born,FR*S07*P07343*A,VINEZAC_Place Chalendas,Place Chalendas 07110 VINEZAC,07343,4.32584200,44.53750900,,FR*S07*E07343*A*B1*G,22.00,E/F + T2,Payant,24/24 7/7 jours,,20180209
SDE07,SDE07,E Born,FR*S07*P07346*A,VIVIERS_Parking les Lauriers,Parking les Lauriers 07220 VIVIERS,07346,4.68870000,44.48441600,,FR*S07*E07346*A*B1*D,22.00,E/F + T2,Payant,24/24 7/7 jours,,20180209
SDE07,SDE07,E Born,FR*S07*P07346*A,VIVIERS_Parking les Lauriers,Parking les Lauriers 07220 VIVIERS,07346,4.68870000,44.48441600,,FR*S07*E07346*A*B1*G,22.00,E/F + T2,Payant,24/24 7/7 jours,,20180209
SDE07,SDE07,E Born,FR*S07*P07347*A,VOCANCE_Place de l'Eglise,Place de l'Eglise 07690 VOCANCE,07347,4.55361300,45.20223500,,FR*S07*E07347*A*B1*D,22.00,E/F + T2,Payant,24/24 7/7 jours,,20180209
SDE07,SDE07,E Born,FR*S07*P07347*A,VOCANCE_Place de l'Eglise,Place de l'Eglise 07690 VOCANCE,07347,4.55361300,45.20223500,,FR*S07*E07347*A*B1*G,22.00,E/F + T2,Payant,24/24 7/7 jours,,20180209
SDE07,SDE07,E Born,FR*S07*P07348*A,VOGUE_Place du Heyd,Place du Heyd 07200 VOGUE,07348,4.41839300,44.53913100,,FR*S07*E07348*A*B1*D,22.00,E/F + T2,Payant,24/24 7/7 jours,,20180209
SDE07,SDE07,E Born,FR*S07*P07348*A,VOGUE_Place du Heyd,Place du Heyd 07200 VOGUE,07348,4.41839300,44.53913100,,FR*S07*E07348*A*B1*G,22.00,E/F + T2,Payant,24/24 7/7 jours,,20180209
,,,,,,,,,,,,,,,,
,,,,,,,,,,,,,,,,
,,,,,,,,,,,,,,,,
,,,,,,,,,,,,,,,,
,,,,,,,,,,,,,,,,
,,,,,,,,,,,,,,,,
,,,,,,,,,,,,,,,,
,,,,,,,,,,,,,,,,
,,,,,,,,,,,,,,,,
,,,,,,,,,,,,,,,,
,,,,,,,,,,,,,,,,
,,,,,,,,,,,,,,,,
,,,,,,,,,,,,,,,,
,,,,,,,,,,,,,,,,
,,,,,,,,,,,,,,,,
,,,,,,,,,,,,,,,,
,,,,,,,,,,,,,,,,
,,,,,,,,,,,,,,,,
,,,,,,,,,,,,,,,,
,,,,,,,,,,,,,,,,
,,,,,,,,,,,,,,,,
,,,,,,,,,,,,,,,,
,,,,,,,,,,,,,,,,
,,,,,,,,,,,,,,,,
,,,,,,,,,,,,,,,,
,,,,,,,,,,,,,,,,
,,,,,,,,,,,,,,,,
,,,,,,,,,,,,,,,,
,,,,,,,,,,,,,,,,
,,,,,,,,,,,,,,,,
,,,,,,,,,,,,,,,,
,,,,,,,,,,,,,,,,
,,,,,,,,,,,,,,,,
,,,,,,,,,,,,,,,,
,,,,,,,,,,,,,,,,
,,,,,,,,,,,,,,,,
,,,,,,,,,,,,,,,,
,,,,,,,,,,,,,,,,
,,,,,,,,,,,,,,,,
,,,,,,,,,,,,,,,,
,,,,,,,,,,,,,,,,
,,,,,,,,,,,,,,,,
,,,,,,,,,,,,,,,,
,,,,,,,,,,,,,,,,
,,,,,,,,,,,,,,,,
,,,,,,,,,,,,,,,,
,,,,,,,,,,,,,,,,
,,,,,,,,,,,,,,,,
,,,,,,,,,,,,,,,,
,,,,,,,,,,,,,,,,
,,,,,,,,,,,,,,,,
,,,,,,,,,,,,,,,,
,,,,,,,,,,,,,,,,
,,,,,,,,,,,,,,,,
,,,,,,,,,,,,,,,,
,,,,,,,,,,,,,,,,
,,,,,,,,,,,,,,,,
,,,,,,,,,,,,,,,,
,,,,,,,,,,,,,,,,
,,,,,,,,,,,,,,,,
,,,,,,,,,,,,,,,,
,,,,,,,,,,,,,,,,
,,,,,,,,,,,,,,,,
,,,,,,,,,,,,,,,,
,,,,,,,,,,,,,,,,
,,,,,,,,,,,,,,,,
,,,,,,,,,,,,,,,,
,,,,,,,,,,,,,,,,
,,,,,,,,,,,,,,,,
,,,,,,,,,,,,,,,,
,,,,,,,,,,,,,,,,
,,,,,,,,,,,,,,,,
,,,,,,,,,,,,,,,,
,,,,,,,,,,,,,,,,
,,,,,,,,,,,,,,,,
,,,,,,,,,,,,,,,,
,,,,,,,,,,,,,,,,
,,,,,,,,,,,,,,,,
,,,,,,,,,,,,,,,,
,,,,,,,,,,,,,,,,
,,,,,,,,,,,,,,,,
,,,,,,,,,,,,,,,,
,,,,,,,,,,,,,,,,
,,,,,,,,,,,,,,,,
,,,,,,,,,,,,,,,,
,,,,,,,,,,,,,,,,
,,,,,,,,,,,,,,,,
